Datetime,Water Level (m)
2025-09-26 18:00:00,0.96444684
2025-09-26 19:00:00,0.8062912
2025-09-26 20:00:00,0.569017
2025-09-26 21:00:00,0.30280232
2025-09-26 22:00:00,0.07053299
2025-09-26 23:00:00,-0.04715829
2025-09-27 00:00:00,-0.030184336
2025-09-27 01:00:00,0.123016596
2025-09-27 02:00:00,0.3299734
2025-09-27 03:00:00,0.57734644
2025-09-27 04:00:00,0.74401784
2025-09-27 05:00:00,0.79776967
2025-09-27 06:00:00,0.7285653
2025-09-27 07:00:00,0.5655363
2025-09-27 08:00:00,0.34497777
2025-09-27 09:00:00,0.1081229
2025-09-27 10:00:00,-0.08793893
2025-09-27 11:00:00,-0.18873376
2025-09-27 12:00:00,-0.1701101
2025-09-27 13:00:00,-0.03903454
2025-09-27 14:00:00,0.18693201
2025-09-27 15:00:00,0.46192774
2025-09-27 16:00:00,0.70807743
2025-09-27 17:00:00,0.85421884
2025-09-27 18:00:00,0.87698984
2025-09-27 19:00:00,0.77764565
2025-09-27 20:00:00,0.6037243
2025-09-27 21:00:00,0.396682
2025-09-27 22:00:00,0.19490474
2025-09-27 23:00:00,0.056504037
2025-09-28 00:00:00,0.0052407584
2025-09-28 01:00:00,0.056717023
2025-09-28 02:00:00,0.17881127
2025-09-28 03:00:00,0.35276306
2025-09-28 04:00:00,0.52060324
2025-09-28 05:00:00,0.62986743
2025-09-28 06:00:00,0.64925635
2025-09-28 07:00:00,0.58494246
2025-09-28 08:00:00,0.43175083
2025-09-28 09:00:00,0.2366391
2025-09-28 10:00:00,0.051313616
2025-09-28 11:00:00,-0.08772701
2025-09-28 12:00:00,-0.13597615
2025-09-28 13:00:00,-0.066486485
2025-09-28 14:00:00,0.08114941
2025-09-28 15:00:00,0.28029662
2025-09-28 16:00:00,0.49230823
2025-09-28 17:00:00,0.66376704
2025-09-28 18:00:00,0.75661075
2025-09-28 19:00:00,0.7350308
2025-09-28 20:00:00,0.65341735
2025-09-28 21:00:00,0.52417856
2025-09-28 22:00:00,0.3658703
2025-09-28 23:00:00,0.22233537
2025-09-29 00:00:00,0.12737273
2025-09-29 01:00:00,0.100179434
2025-09-29 02:00:00,0.13581455
2025-09-29 03:00:00,0.22960502
2025-09-29 04:00:00,0.34768355
2025-09-29 05:00:00,0.45068023
2025-09-29 06:00:00,0.50823605
2025-09-29 07:00:00,0.49171343
2025-09-29 08:00:00,0.4258677
2025-09-29 09:00:00,0.31711584
2025-09-29 10:00:00,0.18484887
2025-09-29 11:00:00,0.063162334
2025-09-29 12:00:00,-0.018047992
2025-09-29 13:00:00,-0.029527606
2025-09-29 14:00:00,0.026932538
2025-09-29 15:00:00,0.13992374
2025-09-29 16:00:00,0.2919007
2025-09-29 17:00:00,0.45311967
2025-09-29 18:00:00,0.5897548
2025-09-29 19:00:00,0.65389794
2025-09-29 20:00:00,0.65937793
2025-09-29 21:00:00,0.619117
2025-09-29 22:00:00,0.53402156
2025-09-29 23:00:00,0.4263767
2025-09-30 00:00:00,0.31948885
2025-09-30 01:00:00,0.23499012
2025-09-30 02:00:00,0.2022769
2025-09-30 03:00:00,0.2031026
2025-09-30 04:00:00,0.25437224
2025-09-30 05:00:00,0.32125193
2025-09-30 06:00:00,0.39092422
2025-09-30 07:00:00,0.43442503
2025-09-30 08:00:00,0.43851185
2025-09-30 09:00:00,0.41017842
2025-09-30 10:00:00,0.34658626
2025-09-30 11:00:00,0.2637578
2025-09-30 12:00:00,0.17094104
2025-09-30 13:00:00,0.10255553
2025-09-30 14:00:00,0.07188763
2025-09-30 15:00:00,0.09632906
2025-09-30 16:00:00,0.15874763
2025-09-30 17:00:00,0.26289362
2025-09-30 18:00:00,0.40428054
2025-09-30 19:00:00,0.5180387
2025-09-30 20:00:00,0.60795176
2025-09-30 21:00:00,0.65982836
2025-09-30 22:00:00,0.6600082
2025-09-30 23:00:00,0.61238354
2025-10-01 00:00:00,0.52764034
2025-10-01 01:00:00,0.4183828
2025-10-01 02:00:00,0.3106915
2025-10-01 03:00:00,0.2282349
2025-10-01 04:00:00,0.18229596
2025-10-01 05:00:00,0.1802427
2025-10-01 06:00:00,0.23554647
2025-10-01 07:00:00,0.3253458
2025-10-01 08:00:00,0.39548072
2025-10-01 09:00:00,0.45445314
2025-10-01 10:00:00,0.47676593
2025-10-01 11:00:00,0.46294498
2025-10-01 12:00:00,0.3958425
2025-10-01 13:00:00,0.30987364
2025-10-01 14:00:00,0.21263045
2025-10-01 15:00:00,0.14081465
2025-10-01 16:00:00,0.10096797
2025-10-01 17:00:00,0.11836934
2025-10-01 18:00:00,0.21014138
2025-10-01 19:00:00,0.3396663
2025-10-01 20:00:00,0.50308233
2025-10-01 21:00:00,0.65097696
2025-10-01 22:00:00,0.74792707
2025-10-01 23:00:00,0.7871051
2025-10-02 00:00:00,0.7489545
2025-10-02 01:00:00,0.6401767
2025-10-02 02:00:00,0.4834312
2025-10-02 03:00:00,0.318024
2025-10-02 04:00:00,0.17609805
2025-10-02 05:00:00,0.08719926
2025-10-02 06:00:00,0.07851911
2025-10-02 07:00:00,0.15718456
2025-10-02 08:00:00,0.2855922
2025-10-02 09:00:00,0.42653254
2025-10-02 10:00:00,0.55522907
2025-10-02 11:00:00,0.6261653
2025-10-02 12:00:00,0.6294424
2025-10-02 13:00:00,0.5560305
2025-10-02 14:00:00,0.42346334
2025-10-02 15:00:00,0.2671378
2025-10-02 16:00:00,0.12518546
2025-10-02 17:00:00,0.03252632
2025-10-02 18:00:00,0.03754465
